1,john_doe,john.doe@example.com,$2a$10$gXw69WT9ARJHK3UcZsTQueOM9vL8/fPGVFj1/j7T1GrhliMRAgH9a,2025-04-25 21:23:35.581172+07,1
2,jane_smith,jane.smith@example.com,$2a$10$gXw69WT9ARJHK3UcZsTQueOM9vL8/fPGVFj1/j7T1GrhliMRAgH9a,2025-04-25 21:23:35.581172+07,2
3,alice_jones,alice.jones@example.com,$2a$10$gXw69WT9ARJHK3UcZsTQueOM9vL8/fPGVFj1/j7T1GrhliMRAgH9a,2025-04-25 21:23:35.581172+07,3
4,bob_brown,bob.brown@example.com,$2a$10$gXw69WT9ARJHK3UcZsTQueOM9vL8/fPGVFj1/j7T1GrhliMRAgH9a,2025-04-25 21:23:35.581172+07,4
5,charlie_white,charlie.white@example.com,$2a$10$gXw69WT9ARJHK3UcZsTQueOM9vL8/fPGVFj1/j7T1GrhliMRAgH9a,2025-04-25 21:23:35.581172+07,5
6,david_black,david.black@example.com,$2a$10$gXw69WT9ARJHK3UcZsTQueOM9vL8/fPGVFj1/j7T1GrhliMRAgH9a,2025-04-25 21:23:35.581172+07,6
7,eve_green,eve.green@example.com,$2a$10$gXw69WT9ARJHK3UcZsTQueOM9vL8/fPGVFj1/j7T1GrhliMRAgH9a,2025-04-25 21:23:35.581172+07,7
8,frank_yellow,frank.yellow@example.com,$2a$10$gXw69WT9ARJHK3UcZsTQueOM9vL8/fPGVFj1/j7T1GrhliMRAgH9a,2025-04-25 21:23:35.581172+07,8
9,grace_pink,grace.pink@example.com,$2a$10$gXw69WT9ARJHK3UcZsTQueOM9vL8/fPGVFj1/j7T1GrhliMRAgH9a,2025-04-25 21:23:35.581172+07,9
10,hannah_blue,hannah.blue@example.com,$2a$10$gXw69WT9ARJHK3UcZsTQueOM9vL8/fPGVFj1/j7T1GrhliMRAgH9a,2025-04-25 21:23:35.581172+07,10
